{
    "file_size_on_disk_MB": 396.063777923584,
    "initial_memory_MB": 1086.7484302520752,
    "optimized_memory_MB": 386.3013982772827,
    "reduction_percentage": 64.45346618189467
}